{
  "labels": {
    "gcc": {
      "n": 3,
      "model_batch": 6,
      "model_T": 384,
      "ops_ms": {
        "geometric_product": {
          "v0": 84.80085033321909,
          "v1": 6.433760332583915,
          "v2": 0.15179066637453312,
          "v3": 0.15090833282253394
        },
        "equi_join": {
          "v0": 85.07682933365383,
          "v1": 2.752180165164949,
          "v2": 0.1489616673400936,
          "v3": 0.17181416721238443
        },
        "equi_linear": {
          "v0": 19.158117167535238,
          "v1": 2.5775303341409503,
          "v2": 0.47916983263955143,
          "v3": 0.11543333433413257
        },
        "equi_rms_norm": {
          "v0": 0.34388133402292925,
          "v1": 0.18629716699554896,
          "v2": 0.09052500051135819,
          "v3": 0.06849749964506675
        },
        "scaler_gated_gelu": {
          "v0": 0.2982671673332031,
          "v1": 0.29888899977474165,
          "v2": 0.3109096651314758,
          "v3": 0.08283733283557619
        },
        "equi_geometric_attention": {
          "v0": 6039.963265997358,
          "v1": 6041.473165998468,
          "v2": 1221.1848899896722,
          "v3": 100.67187499953434
        }
      },
      "model_ms": {
        "ref": 445.245069990051,
        "v0": 5065.961236003204,
        "v1": 678.3409839990782,
        "v2": 220.20078600326087,
        "v3": 156.0608459985815
      }
    },
    "clang": {
      "n": 3,
      "model_batch": 6,
      "model_T": 384,
      "ops_ms": {
        "geometric_product": {
          "v0": 94.10218950021469,
          "v1": 6.561172999984895,
          "v2": 0.7960518341860734,
          "v3": 0.19332450028741732
        },
        "equi_join": {
          "v0": 94.25481299937626,
          "v1": 2.715260166345009,
          "v2": 0.7923735004927343,
          "v3": 0.20035966736031696
        },
        "equi_linear": {
          "v0": 45.743900666517824,
          "v1": 3.0009643329928317,
          "v2": 0.3818571664548169,
          "v3": 0.11187133350176737
        },
        "equi_rms_norm": {
          "v0": 1.392323831775381,
          "v1": 1.1914316661811124,
          "v2": 0.5333248336683027,
          "v3": 0.06802616796145837
        },
        "scaler_gated_gelu": {
          "v0": 0.32019450009102,
          "v1": 0.32016999951641384,
          "v2": 0.311736000488357,
          "v3": 0.09245583351003006
        },
        "equi_geometric_attention": {
          "v0": 1354.3602949939668,
          "v1": 1341.7514559987467,
          "v2": 1275.275927997427,
          "v3": 104.50326000864152
        }
      },
      "model_ms": {
        "ref": 443.55809400440194,
        "v0": 9628.135626990115,
        "v1": 755.109393998282,
        "v2": 254.94654999056365,
        "v3": 156.04313799121883
      }
    }
  }
}