{
  "batch": 1,
  "heads": 4,
  "channels": 8,
  "causal": false,
  "threads": 1,
  "results": [
    {
      "T": 128,
      "times_ms": {
        "py": 3.0840585022815503,
        "v0": 37.27988650643965,
        "v1": 36.929239497112576,
        "v2": 7.362155505688861,
        "v3": 0.7414270003209822
      },
      "speedup_vs_py": {
        "v0": 0.08272714300642563,
        "v1": 0.0835126459217414,
        "v2": 0.418907003512551,
        "v3": 4.159625291426377
      },
      "v0_over_v3": 50.281263685164234,
      "max_abs_err": 1.4781951904296875e-05
    },
    {
      "T": 256,
      "times_ms": {
        "py": 10.132231000170577,
        "v0": 148.48037750198273,
        "v1": 149.0677570036496,
        "v2": 30.20547699998133,
        "v3": 2.425247002975084
      },
      "speedup_vs_py": {
        "v0": 0.06823952882282561,
        "v1": 0.06797064102817695,
        "v2": 0.3354435025203158,
        "v3": 4.177814048524224
      },
      "v0_over_v3": 61.22278568732991,
      "max_abs_err": 3.719329833984375e-05
    },
    {
      "T": 512,
      "times_ms": {
        "py": 39.006279497698415,
        "v0": 600.4969320056261,
        "v1": 600.3469319985015,
        "v2": 121.43922899849713,
        "v3": 9.445079005672596
      },
      "speedup_vs_py": {
        "v0": 0.0649566674177995,
        "v1": 0.06497289720104003,
        "v2": 0.32119999294611085,
        "v3": 4.129799176298232
      },
      "v0_over_v3": 63.577756379271705,
      "max_abs_err": 4.470348358154297e-05
    },
    {
      "T": 1024,
      "times_ms": {
        "py": 156.3592684979085,
        "v0": 2509.4422605034197,
        "v1": 2520.5034719983814,
        "v2": 496.5813499948126,
        "v3": 38.632439500361215
      },
      "speedup_vs_py": {
        "v0": 0.06230837463721569,
        "v1": 0.06203493477989103,
        "v2": 0.31487140727202473,
        "v3": 4.047356846218488
      },
      "v0_over_v3": 64.95686767282601,
      "max_abs_err": 5.698204040527344e-05
    }
  ]
}